{"org.elasticsearch.plugin.analysis.TokenizerFactory":{"example_tokenizer_factory":"com.doo.aqqle_analyzer.analysis.CharacterSkippingTokenizerFactory"},"org.elasticsearch.plugin.analysis.AnalyzerFactory":{"example_analyzer_factory":"com.doo.aqqle_analyzer.analysis.CustomAnalyzerFactory"},"org.elasticsearch.plugin.analysis.TokenFilterFactory":{"spell":"com.doo.aqqle_analyzer.analysis.SpellFilterFactory","eng2kor":"com.doo.aqqle_analyzer.analysis.Eng2KorFilterFactory","example_token_filter_factory":"com.doo.aqqle_analyzer.analysis.SkippingTokenFilterFactory","chosung":"com.doo.aqqle_analyzer.analysis.ChosungFilterFactory","jamo":"com.doo.aqqle_analyzer.analysis.JamoFilterFactory","kor2eng":"com.doo.aqqle_analyzer.analysis.Kor2EngFilterFactory"},"org.elasticsearch.plugin.analysis.CharFilterFactory":{"example_char_filter":"com.doo.aqqle_analyzer.analysis.ReplacingCharFilterFactory"}}